{
	"fare": 432.601433192263,
	"start": [24, 138],
	"end": [229, 207],
	"driverLocation0": [28, 172],
	"driverLocation1": [229, 207],
	"driverLocation2": [34, 216],
	"driverLocation3": [92, 194],
	"driverLocation4": [123, 169],
	"driverLocation5": [188, 91],
	"driverLocation6": [214, 82],
	"driverLocation7": [227, 34],
	"driverLocation8": [231, 10],
	"driverLocation9": [234, 13],
	"D5Balance": 0.0,
	"D4Balance": 324.4510748941973,
	"D8Balance": 0.0,
	"D3Balance": 0.0,
	"D1Balance": 0.0,
	"D7Balance": 0.0,
	"D6Balance": 0.0,
	"D9Balance": 0.0,
	"D10Balance": 0.0,
	"D2Balance": 0.0,
	"P5Balance": 9567.398566807737,
	"P1Balance": 10000.0,
	"P3Balance": 10000.0,
	"P4Balance": 10000.0,
	"P2Balance": 10000.0,
	"D5Rating": 3.0,
	"D4Rating": 4.609999999999999,
	"D8Rating": 0.0,
	"D3Rating": 5.0,
	"D1Rating": 3.0,
	"D7Rating": 0.0,
	"D6Rating": 3.5,
	"D9Rating": 4.0,
	"D10Rating": 4.0,
	"D2Rating": 4.0,
	"tripStatus": "success"
},
{
	"fare": 387.09172039711723,
	"start": [142, 48],
	"end": [188, 236],
	"driverLocation0": [28, 172],
	"driverLocation1": [34, 216],
	"driverLocation2": [92, 194],
	"driverLocation3": [123, 169],
	"driverLocation4": [188, 236],
	"driverLocation5": [214, 82],
	"driverLocation6": [227, 34],
	"driverLocation7": [229, 207],
	"driverLocation8": [231, 10],
	"driverLocation9": [234, 13],
	"D5Balance": 0.0,
	"D8Balance": 0.0,
	"D3Balance": 0.0,
	"D1Balance": 0.0,
	"D7Balance": 290.31879029783795,
	"D6Balance": 0.0,
	"D9Balance": 0.0,
	"D4Balance": 324.4510748941973,
	"D10Balance": 0.0,
	"D2Balance": 0.0,
	"P5Balance": 9567.398566807737,
	"P1Balance": 9612.908279602883,
	"P3Balance": 10000.0,
	"P4Balance": 10000.0,
	"P2Balance": 10000.0,
	"D5Rating": 3.0,
	"D8Rating": 0.0,
	"D3Rating": 5.0,
	"D1Rating": 3.0,
	"D7Rating": 1.49,
	"D6Rating": 3.5,
	"D9Rating": 4.0,
	"D4Rating": 4.75,
	"D10Rating": 4.0,
	"D2Rating": 4.0,
	"tripStatus": "success"
},
{
	"fare": 254.11808278829744,
	"start": [184, 95],
	"end": [244, 207],
	"driverLocation0": [28, 172],
	"driverLocation1": [34, 216],
	"driverLocation2": [92, 194],
	"driverLocation3": [123, 169],
	"driverLocation4": [188, 236],
	"driverLocation5": [244, 207],
	"driverLocation6": [227, 34],
	"driverLocation7": [229, 207],
	"driverLocation8": [231, 10],
	"driverLocation9": [234, 13],
	"D5Balance": 0.0,
	"D8Balance": 0.0,
	"D3Balance": 0.0,
	"D1Balance": 0.0,
	"D7Balance": 290.31879029783795,
	"D6Balance": 190.58856209122308,
	"D9Balance": 0.0,
	"D4Balance": 324.4510748941973,
	"D10Balance": 0.0,
	"D2Balance": 0.0,
	"P5Balance": 9567.398566807737,
	"P1Balance": 9612.908279602883,
	"P3Balance": 9745.881917211702,
	"P4Balance": 10000.0,
	"P2Balance": 10000.0,
	"D5Rating": 3.0,
	"D8Rating": 0.0,
	"D3Rating": 5.0,
	"D1Rating": 3.0,
	"D7Rating": 0.0,
	"D6Rating": 3.7424999999999997,
	"D9Rating": 4.0,
	"D4Rating": 4.75,
	"D10Rating": 4.0,
	"D2Rating": 4.0,
	"tripStatus": "success"
},
{
	"fare": 248.9417602572939,
	"start": [218, 151],
	"end": [140, 248],
	"driverLocation0": [28, 172],
	"driverLocation1": [34, 216],
	"driverLocation2": [92, 194],
	"driverLocation3": [123, 169],
	"driverLocation4": [188, 236],
	"driverLocation5": [227, 34],
	"driverLocation6": [140, 248],
	"driverLocation7": [231, 10],
	"driverLocation8": [234, 13],
	"driverLocation9": [244, 207],
	"D5Balance": 0.0,
	"D8Balance": 0.0,
	"D3Balance": 0.0,
	"D1Balance": 0.0,
	"D7Balance": 290.31879029783795,
	"D9Balance": 0.0,
	"D4Balance": 511.15739508716774,
	"D10Balance": 0.0,
	"D2Balance": 0.0,
	"D6Balance": 190.58856209122308,
	"P5Balance": 9567.398566807737,
	"P1Balance": 9612.908279602883,
	"P3Balance": 9745.881917211702,
	"P4Balance": 9751.058239742706,
	"P2Balance": 10000.0,
	"D5Rating": 3.0,
	"D8Rating": 0.0,
	"D3Rating": 5.0,
	"D1Rating": 3.0,
	"D7Rating": 0.0,
	"D9Rating": 4.0,
	"D4Rating": 4.694,
	"D10Rating": 4.0,
	"D2Rating": 4.0,
	"D6Rating": 3.5,
	"tripStatus": "success"
},
{
	"fare": 93.23089616645332,
	"start": [270, 276],
	"end": [297, 238],
	"driverLocation0": [28, 172],
	"driverLocation1": [34, 216],
	"driverLocation2": [92, 194],
	"driverLocation3": [123, 169],
	"driverLocation4": [140, 248],
	"driverLocation5": [188, 236],
	"driverLocation6": [227, 34],
	"driverLocation7": [231, 10],
	"driverLocation8": [234, 13],
	"driverLocation9": [297, 238],
	"D5Balance": 0.0,
	"D8Balance": 0.0,
	"D3Balance": 0.0,
	"D1Balance": 0.0,
	"D4Balance": 511.15739508716774,
	"D7Balance": 290.31879029783795,
	"D9Balance": 0.0,
	"D10Balance": 0.0,
	"D2Balance": 0.0,
	"D6Balance": 260.5117342160631,
	"P5Balance": 9567.398566807737,
	"P1Balance": 9612.908279602883,
	"P3Balance": 9745.881917211702,
	"P4Balance": 9751.058239742706,
	"P2Balance": 9906.769103833547,
	"D5Rating": 3.0,
	"D8Rating": 0.0,
	"D3Rating": 5.0,
	"D1Rating": 3.0,
	"D4Rating": 4.75,
	"D7Rating": 0.0,
	"D9Rating": 4.0,
	"D10Rating": 4.0,
	"D2Rating": 4.0,
	"D6Rating": 3.6616666666666666,
	"tripStatus": "success"
}