{
	"fare": 23.323807579381203,
	"start": [69, 42],
	"end": [75, 52],
	"driverLocation0": [28, 190],
	"driverLocation1": [35, 108],
	"driverLocation2": [75, 52],
	"driverLocation3": [79, 243],
	"driverLocation4": [86, 3],
	"driverLocation5": [124, 269],
	"driverLocation6": [139, 127],
	"driverLocation7": [189, 170],
	"driverLocation8": [208, 151],
	"driverLocation9": [231, 120],
	"D3Balance": 0.0,
	"D5Balance": 0.0,
	"D6Balance": 17.492855684535904,
	"D8Balance": 0.0,
	"D1Balance": 0.0,
	"D7Balance": 0.0,
	"D10Balance": 0.0,
	"D4Balance": 0.0,
	"D2Balance": 0.0,
	"D9Balance": 0.0,
	"P3Balance": 9976.676192420618,
	"P1Balance": 10000.0,
	"P2Balance": 10000.0,
	"P4Balance": 10000.0,
	"P5Balance": 10000.0,
	"D3Rating": 5.0,
	"D5Rating": 3.0,
	"D6Rating": 3.985,
	"D8Rating": 0.0,
	"D1Rating": 3.0,
	"D7Rating": 0.0,
	"D10Rating": 4.0,
	"D4Rating": 4.75,
	"D2Rating": 4.0,
	"D9Rating": 4.0,
	"tripStatus": "success"
},
{
	"fare": 50.99019513592785,
	"start": [163, 53],
	"end": [186, 42],
	"driverLocation0": [28, 190],
	"driverLocation1": [35, 108],
	"driverLocation2": [75, 52],
	"driverLocation3": [79, 243],
	"driverLocation4": [86, 3],
	"driverLocation5": [124, 269],
	"driverLocation6": [186, 42],
	"driverLocation7": [189, 170],
	"driverLocation8": [208, 151],
	"driverLocation9": [231, 120],
	"D3Balance": 0.0,
	"D5Balance": 0.0,
	"D6Balance": 17.492855684535904,
	"D8Balance": 0.0,
	"D1Balance": 0.0,
	"D7Balance": 0.0,
	"D10Balance": 38.242646351945886,
	"D4Balance": 0.0,
	"D2Balance": 0.0,
	"D9Balance": 0.0,
	"P3Balance": 9976.676192420618,
	"P1Balance": 9949.009804864072,
	"P2Balance": 10000.0,
	"P4Balance": 10000.0,
	"P5Balance": 10000.0,
	"D3Rating": 5.0,
	"D5Rating": 3.0,
	"D6Rating": 3.5,
	"D8Rating": 0.0,
	"D1Rating": 3.0,
	"D7Rating": 0.0,
	"D10Rating": 4.156666666666666,
	"D4Rating": 4.75,
	"D2Rating": 4.0,
	"D9Rating": 4.0,
	"tripStatus": "success"
},
{
	"fare": 358.6474592130829,
	"start": [180, 119],
	"end": [9, 65],
	"driverLocation0": [28, 190],
	"driverLocation1": [35, 108],
	"driverLocation2": [75, 52],
	"driverLocation3": [79, 243],
	"driverLocation4": [86, 3],
	"driverLocation5": [124, 269],
	"driverLocation6": [186, 42],
	"driverLocation7": [189, 170],
	"driverLocation8": [9, 65],
	"driverLocation9": [231, 120],
	"D3Balance": 0.0,
	"D5Balance": 0.0,
	"D6Balance": 17.492855684535904,
	"D8Balance": 0.0,
	"D1Balance": 0.0,
	"D7Balance": 0.0,
	"D10Balance": 38.242646351945886,
	"D4Balance": 0.0,
	"D2Balance": 268.98559440981217,
	"D9Balance": 0.0,
	"P3Balance": 9976.676192420618,
	"P1Balance": 9949.009804864072,
	"P2Balance": 9641.352540786917,
	"P4Balance": 10000.0,
	"P5Balance": 10000.0,
	"D3Rating": 5.0,
	"D5Rating": 3.0,
	"D6Rating": 3.5,
	"D8Rating": 0.0,
	"D1Rating": 3.0,
	"D7Rating": 0.0,
	"D10Rating": 4.0,
	"D4Rating": 4.75,
	"D2Rating": 4.1175,
	"D9Rating": 4.0,
	"tripStatus": "success"
},
{
	"fare": 294.3331445828009,
	"start": [216, 192],
	"end": [279, 59],
	"driverLocation0": [9, 65],
	"driverLocation1": [28, 190],
	"driverLocation2": [35, 108],
	"driverLocation3": [75, 52],
	"driverLocation4": [79, 243],
	"driverLocation5": [86, 3],
	"driverLocation6": [124, 269],
	"driverLocation7": [186, 42],
	"driverLocation8": [279, 59],
	"driverLocation9": [231, 120],
	"D2Balance": 268.98559440981217,
	"D3Balance": 0.0,
	"D5Balance": 0.0,
	"D6Balance": 17.492855684535904,
	"D8Balance": 0.0,
	"D1Balance": 0.0,
	"D7Balance": 0.0,
	"D10Balance": 38.242646351945886,
	"D4Balance": 220.74985843710067,
	"D9Balance": 0.0,
	"P3Balance": 9976.676192420618,
	"P1Balance": 9949.009804864072,
	"P2Balance": 9641.352540786917,
	"P4Balance": 9705.6668554172,
	"P5Balance": 10000.0,
	"D2Rating": 4.0,
	"D3Rating": 5.0,
	"D5Rating": 3.0,
	"D6Rating": 3.5,
	"D8Rating": 0.0,
	"D1Rating": 3.0,
	"D7Rating": 0.0,
	"D10Rating": 4.0,
	"D4Rating": 4.694,
	"D9Rating": 4.0,
	"tripStatus": "success"
},
{
	"fare": 663.5209115016647,
	"start": [268, 8],
	"end": [27, 236],
	"driverLocation0": [9, 65],
	"driverLocation1": [28, 190],
	"driverLocation2": [35, 108],
	"driverLocation3": [75, 52],
	"driverLocation4": [79, 243],
	"driverLocation5": [86, 3],
	"driverLocation6": [124, 269],
	"driverLocation7": [186, 42],
	"driverLocation8": [231, 120],
	"driverLocation9": [27, 236],
	"D2Balance": 268.98559440981217,
	"D3Balance": 0.0,
	"D5Balance": 0.0,
	"D6Balance": 17.492855684535904,
	"D8Balance": 0.0,
	"D1Balance": 0.0,
	"D7Balance": 0.0,
	"D10Balance": 38.242646351945886,
	"D9Balance": 0.0,
	"D4Balance": 718.3905420633492,
	"P3Balance": 9976.676192420618,
	"P1Balance": 9949.009804864072,
	"P2Balance": 9641.352540786917,
	"P4Balance": 9705.6668554172,
	"P5Balance": 9336.479088498336,
	"D2Rating": 4.0,
	"D3Rating": 5.0,
	"D5Rating": 3.0,
	"D6Rating": 3.5,
	"D8Rating": 0.0,
	"D1Rating": 3.0,
	"D7Rating": 0.0,
	"D10Rating": 4.0,
	"D9Rating": 4.0,
	"D4Rating": 4.703333333333333,
	"tripStatus": "success"
}